title,url,price_eur,dna_price_eur,customer_price_eur,in_stock,manufacturer,gift
"Valco VMK25.2 vastamelukuulokkeet, Musta",https://kauppa.dna.fi/tuote/p/valco-vmk25-2-vastamelukuulokkeet-musta,199.0,199.0,199.0,True,Valco,Kaupan päälle jopa 29 € arvoinen suojakuori!
"Google Pixel 11 5G, 256 Gt, Frost",https://kauppa.dna.fi/tuote/p/google-pixel-11-5g-256-gt-frost,10.49,10.49,10.49,True,Google,Kaupan päälle jopa 519 € arvoinen Jopo!
"Google Pixel 11 Pro 5G, 256 Gt, Canyon",https://kauppa.dna.fi/tuote/p/google-pixel-11-pro-5g-256-gt-canyon,12.59,12.59,12.59,True,Google,Kaupan päälle jopa 519 € arvoinen Jopo!
"Google Pixel 11 Pro Fold 5G, 256 Gt, Obsidian",https://kauppa.dna.fi/tuote/p/google-pixel-11-pro-fold-5g-256-gt-obsidian,20.89,20.89,20.89,True,Google,Kaupan päälle jopa 519 € arvoinen Jopo!
"Google Pixel 11 Pro XL 5G, 256 Gt, Canyon",https://kauppa.dna.fi/tuote/p/google-pixel-11-pro-xl-5g-256-gt-canyon,14.69,14.69,14.69,True,Google,Kaupan päälle jopa 519 € arvoinen Jopo!
"Lenovo IdeaPad Slim 3 17,3"" (83VS0043MX)",https://kauppa.dna.fi/tuote/p/lenovo-ideapad-slim-3-173-83vs0043mx,649.0,649.0,749.0,True,Lenovo,No gift
"Lenovo LOQ 15AHP11 15,3"" (83TN00B2MX)",https://kauppa.dna.fi/tuote/p/lenovo-loq-15ahp11-153-83tn00b2mx,13.99,13.99,15.99,True,Lenovo,No gift
"Lenovo Yoga Slim 7 Ultra 14"" (83QK00A5MX)",https://kauppa.dna.fi/tuote/p/lenovo-yoga-slim-7-ultra-14-83qk00a5mx,22.99,22.99,24.99,True,Lenovo,No gift
"Samsung Galaxy A27 5G, 256 Gt, Musta",https://kauppa.dna.fi/tuote/p/samsung-galaxy-a27-5g-256-gt-musta,449.0,449.0,449.0,True,Samsung,Kaupan päälle jopa 55 € arvoinen näytönsuoja!
"Samsung Galaxy A27 5G, 128 Gt, Musta",https://kauppa.dna.fi/tuote/p/samsung-galaxy-a27-5g-128-gt-musta,329.0,349.0,349.0,True,Samsung,Kaupan päälle jopa 55 € arvoinen näytönsuoja!
"Samsung Galaxy Watch Ultra2 -älykello, Harmaa",https://kauppa.dna.fi/tuote/p/samsung-galaxy-watch-ultra2-alykello-harmaa,749.0,749.0,749.0,True,Samsung,No gift
"Samsung Galaxy Watch9 eSIM -älykello, 40 mm, Hopea",https://kauppa.dna.fi/tuote/p/samsung-galaxy-watch9-esim-alykello-40-mm-hopea,459.0,459.0,459.0,True,Samsung,No gift
"Samsung Galaxy Watch9 eSIM -älykello, 44 mm, Hopea",https://kauppa.dna.fi/tuote/p/samsung-galaxy-watch9-esim-alykello-44-mm-hopea,489.0,489.0,489.0,True,Samsung,No gift
"Samsung Galaxy Z Flip8 5G, 256 Gt, Cream",https://kauppa.dna.fi/tuote/p/samsung-galaxy-z-flip8-5g-256-gt-cream,13.69,13.69,13.69,True,Samsung,Kaupan päälle jopa 399 € arvoinen tabletti!
"Samsung Galaxy Z Flip8 5G, 512 Gt, Cream",https://kauppa.dna.fi/tuote/p/samsung-galaxy-z-flip8-5g-512-gt-cream,15.69,15.69,15.69,True,Samsung,Kaupan päälle jopa 399 € arvoinen tabletti!
"Samsung Galaxy Z Fold8 5G, 256 Gt, Graphite",https://kauppa.dna.fi/tuote/p/samsung-galaxy-z-fold8-5g-256-gt-graphite,20.99,20.99,20.99,True,Samsung,Kaupan päälle jopa 399 € arvoinen tabletti!
"Samsung Galaxy Z Fold8 5G, 512 Gt, Graphite",https://kauppa.dna.fi/tuote/p/samsung-galaxy-z-fold8-5g-512-gt-graphite,22.99,22.99,22.99,True,Samsung,Kaupan päälle jopa 399 € arvoinen tabletti!
"Samsung Galaxy Z Fold8 Ultra 5G, 1 Tt, Graphite",https://kauppa.dna.fi/tuote/p/samsung-galaxy-z-fold8-ultra-5g-1-tt-graphite,29.29,29.29,29.29,True,Samsung,Kaupan päälle jopa 399 € arvoinen tabletti!
"Samsung Galaxy Z Fold8 Ultra 5G, 256 Gt, Cream",https://kauppa.dna.fi/tuote/p/samsung-galaxy-z-fold8-ultra-5g-256-gt-cream,22.99,22.99,22.99,True,Samsung,Kaupan päälle jopa 399 € arvoinen tabletti!
"Samsung Galaxy Z Fold8 Ultra 5G, 512 Gt, Cream",https://kauppa.dna.fi/tuote/p/samsung-galaxy-z-fold8-ultra-5g-512-gt-cream,25.29,25.29,25.29,True,Samsung,Kaupan päälle jopa 399 € arvoinen tabletti!
Dreame A1 Pro 1000 -robottiruohonleikkuri,https://kauppa.dna.fi/tuote/p/dreame-a1pro-robotti-ruohonleikkuri,999.0,999.0,11.69,True,Dreame,No gift
Dreame MF10 -lattiatuuletin,https://kauppa.dna.fi/tuote/p/dreame-mf10-lattiatuuletin,269.0,269.0,369.0,True,Dreame,No gift
Mova N1 -ikkunanpesurobotti,https://kauppa.dna.fi/tuote/p/mova-n1-ikkunanpesurobotti,179.0,179.0,249.0,True,Mova,No gift
"HONOR Magic V6 5G, 512 Gt, Black",https://kauppa.dna.fi/tuote/p/honor-magic-v6-512-gt-black,22.99,22.99,22.99,True,HONOR,Kaupan päälle jopa 55 € arvoinen näytönsuoja!
"HONOR 600 Smart 5G, Meteor Silver",https://kauppa.dna.fi/tuote/p/honor-600-smart-5g-meteor-silver,249.0,249.0,249.0,False,HONOR,Kaupan päälle jopa 134 € arvosta etuja!
"HONOR Watch 6 -älykello, Musta",https://kauppa.dna.fi/tuote/p/honor-watch-6-alykello-musta,199.0,199.0,249.0,False,Honor,No gift
"Kaiku Wave -langattomat vastamelukuulokkeet, Pähkinä",https://kauppa.dna.fi/tuote/p/kaiku-wave-langattomat-vastamelukuulokkeet-pahkina,399.0,399.0,449.0,True,Kaiku,No gift
"MSI Vector 16 HX AI A2XWHG-001NEU 16"" Core Ultra 9 275HX RTX 5070 Ti",https://kauppa.dna.fi/tuote/p/msi-vector-16-hx-ai-a2xwhg-001neu-16-core-ultra-9-275hx-rtx-5070-ti,23.99,23.99,26.99,True,MSI,No gift
"MSI Vector 16 HX AI A2XWHG-002NEU 16"" Core Ultra 7 255HX RTX 5070 Ti",https://kauppa.dna.fi/tuote/p/msi-vector-16-hx-ai-a2xwhg-002neu-16-core-ultra-7-255hx-rtx-5070-ti,21.99,21.99,23.99,True,MSI,No gift
"MSI Cyborg A15 AI B2HWGKG-228NEU 15,6"" Ryzen 7 260 RTX 5070",https://kauppa.dna.fi/tuote/p/msi-cyborg-a15-ai-b2hwgkg-228neu-15.6-ryzen-7-260-rtx-5070,14.99,14.99,17.49,True,MSI,No gift
"MSI Cyborg 15 B13WEKG-1020NEU 15,6"" Core i7 13620H RTX 5050",https://kauppa.dna.fi/tuote/p/msi-cyborg-15-b13wekg-1020neu-15.6-core-i7-13620h-rtx-5050,999.0,999.0,11.59,False,MSI,No gift
"Aqara Smart Lock U200 Kit -älylukko, Harmaa/hopea",https://kauppa.dna.fi/tuote/p/aqara-smart-lock-u200-kit-alylukko-harmaa-hopea,139.0,139.0,179.0,True,Aqara,No gift
"Acer Aspire Go 15 AG15-42P-R653 15,6"" Ryzen 7 5825U",https://kauppa.dna.fi/tuote/p/acer-aspire-go-15-ag15-42p-r653-15.6-ryzen-7-5825u,599.0,599.0,699.0,True,Acer,No gift
"Acer Aspire Go 15 AG15-32P-39CP 15,6"" Core 3 N355",https://kauppa.dna.fi/tuote/p/acer-aspire-go-15-ag15-32p-39cp-15.6-core-3-n355,399.0,399.0,499.0,False,Acer,No gift
"Acer Aspire Go 14 AG14-32P-379B 14"" Core 3 N355",https://kauppa.dna.fi/tuote/p/acer-aspire-go-14-ag14-32p-379b-14-core-3-n355,399.0,399.0,499.0,True,Acer,No gift
"realme C100 5G, 64 Gt, Sprouting Green",https://kauppa.dna.fi/tuote/p/realme-c100-5g-64-gt-sprouting-green,119.0,119.0,119.0,True,realme,Kaupan päälle jopa 55 € arvoinen näytönsuoja!
"HONOR Choice Pro langattomat vastamelukuulokkeet, Valkoinen",https://kauppa.dna.fi/tuote/p/honor-choice-pro-langattomat-vastamelukuulokkeet-valkoinen,49.0,49.0,99.0,True,Honor,No gift
"Garmin Forerunner 170 GPS-juoksuälykello, Musta",https://kauppa.dna.fi/tuote/p/garmin-forerunner-170-gps-juoksualykello-musta,269.0,269.0,314.0,True,Garmin,No gift
Navee ST3 Pro Nordic -sähköpotkulauta,https://kauppa.dna.fi/tuote/p/navee-st3-pro-nordic-sahkopotkulauta,949.0,949.0,949.0,True,Navee,Kaupan päälle jopa 549 € arvoinen sähköpotkulauta!
Navee ST3 Nordic -sähköpotkulauta,https://kauppa.dna.fi/tuote/p/navee-st3-nordic-sahkopotkulauta,729.0,729.0,729.0,True,Navee,Kaupan päälle jopa 279 € arvoinen sähköpotkulauta!
Navee V50i Pro II Nordic -sähköpotkulauta,https://kauppa.dna.fi/tuote/p/navee-v50i-pro-ii-nordic-sahkopotkulauta,369.0,369.0,549.0,True,Navee,No gift
TP-Link Tapo C665G KIT WiFi/4G -valvontakamera aurinkopaneelilla,https://kauppa.dna.fi/tuote/p/tp-link-tapo-c665g-kit-wifi-4g-valvontakamera-aurinkopaneelilla,169.0,169.0,229.0,True,TP-Link,
EZVIZ S10 Smart -sisävalvontakamera näytöllä,https://kauppa.dna.fi/tuote/p/ezviz-s10-smart-sisavalvontakamera-naytolla,119.0,119.0,159.0,True,EZVIZ,No gift
EZVIZ EB3 4G -valvontakamera aurinkopaneelilla,https://kauppa.dna.fi/tuote/p/ezviz-eb3-4g-valvontakamera-aurinkopaneelilla,149.0,149.0,149.0,True,EZVIZ,
EZVIZ EB8 Pro Ranger 4K Kit 4G -valvontakamera aurinkopaneelilla,https://kauppa.dna.fi/tuote/p/ezviz-eb8-pro-ranger-4k-kit-4g-valvontakamera-aurinkopaneelilla,299.0,299.0,299.0,True,EZVIZ,
EZVIZ CH1 -soittokello,https://kauppa.dna.fi/tuote/p/ezviz-ch1-soittokello,44.0,44.0,44.0,True,EZVIZ,No gift
EZVIZ EP8 Ultra -ovikellokamera,https://kauppa.dna.fi/tuote/p/ezviz-ep8-ultra-ovikellokamera,169.0,169.0,169.0,True,EZVIZ,No gift
EZVIZ H9c 3K Dual lens -valvontakamera,https://kauppa.dna.fi/tuote/p/ezviz-h9c-3k-dual-lens-valvontakamera,89.0,89.0,129.0,True,EZVIZ,No gift
EZVIZ T30-10E -älypistorasia,https://kauppa.dna.fi/tuote/p/ezviz-t30-10e-alypistorasia,13.0,13.0,13.0,False,EZVIZ,No gift
"Dreame L50 Ultra AE -robotti-imuri, Musta",https://kauppa.dna.fi/tuote/p/dreame-l50-ultra-ae-robotti-imuri-musta,499.0,499.0,699.0,True,Dreame,No gift
"Acer Nitro VG270U X1 27"" WQHD -pelinäyttö",https://kauppa.dna.fi/tuote/p/acer-nitro-vg270u-x1-27-wqhd-pelinaytto,129.0,129.0,199.0,True,Acer,No gift
"Acer Nitro XF240Y W3 23,8"" FHD -pelinäyttö",https://kauppa.dna.fi/tuote/p/acer-nitro-xf240y-w3-23-8-fhd-pelinaytto,99.0,99.0,159.0,True,Acer,No gift
Acer Nitro N50-660 i5-225F RTX 5060,https://kauppa.dna.fi/tuote/p/acer-nitro-n50-660-i5-225f-rtx-5060,12.99,12.99,15.49,False,Acer,No gift
"realme Buds T200 Lite -langattomat nappikuulokkeet, Harmaa",https://kauppa.dna.fi/tuote/p/realme-buds-t200-lite-langattomat-nappikuulokkeet-harmaa,19.0,19.0,24.0,True,realme,No gift
"realme Buds T500 Pro -langattomat vastamelunappikuulokkeet, Keltainen",https://kauppa.dna.fi/tuote/p/realme-buds-t500-pro-langattomat-vastamelunappikuulokkeet-keltainen,49.0,49.0,69.0,True,realme,No gift
realme Power Bank 20 000 mAh -varavirtalähde latausjohdolla,https://kauppa.dna.fi/tuote/p/realme-power-bank-20000-mah-varavirtalahde-latausjohdolla,19.0,19.0,49.0,True,realme,No gift
"realme 16 5G, Air Black",https://kauppa.dna.fi/tuote/p/realme-16-5g-air-black,349.0,349.0,349.0,True,realme,Kaupan päälle jopa 55 € arvoinen näytönsuoja!
"realme 16 Pro 5G, 256 Gt, Pebble Grey",https://kauppa.dna.fi/tuote/p/realme-16-pro-5g-256-gt-pebble-grey,399.0,399.0,399.0,True,realme,Kaupan päälle jopa 55 € arvoinen näytönsuoja!
"realme 16 Pro+ 5G, 256 Gt, Master Gold",https://kauppa.dna.fi/tuote/p/realme-16-pro+-5g-256-gt-master-gold,499.0,499.0,499.0,True,realme,Kaupan päälle jopa 55 € arvoinen näytönsuoja!
"realme C100 5G, 256 Gt, Sprouting Green",https://kauppa.dna.fi/tuote/p/realme-c100-5g-256-gt-sprouting-green,239.0,239.0,239.0,True,realme,No gift
"realme GT 8 Pro 5G, 256 Gt, Urban Blue",https://kauppa.dna.fi/tuote/p/realme-gt-8-pro-5g-256-gt-urban-blue,899.0,899.0,899.0,True,realme,Kaupan päälle jopa 89 € arvoiset kuulokkeet!
"realme GT 8 Pro 5G, 512 Gt, Urban Blue",https://kauppa.dna.fi/tuote/p/realme-gt-8-pro-5g-512-gt-urban-blue,999.0,999.0,999.0,True,realme,Kaupan päälle jopa 89 € arvoiset kuulokkeet!
"Polar Grit X2 -älykello, Musta",https://kauppa.dna.fi/tuote/p/polar-grit-x2-alykello-musta,499.0,499.0,499.0,True,Polar,No gift
"Polar H10N -sykesensori, XS-S, Musta",https://kauppa.dna.fi/tuote/p/polar-h10n-sykesensori-xs-s-musta,79.0,79.0,99.0,True,Polar,No gift
"Polar Ignite 2 -älykello, Kulta",https://kauppa.dna.fi/tuote/p/polar-ignite-2-alykello-kulta,129.0,129.0,199.0,True,Polar,No gift
"Polar Ignite 3 -älykello, Kulta",https://kauppa.dna.fi/tuote/p/polar-ignite-3-alykello-kulta,189.0,189.0,299.0,True,Polar,No gift
"Polar Loop -aktiivisuusranneke, Beige",https://kauppa.dna.fi/tuote/p/polar-loop-aktiivisuusranneke-beige,149.0,149.0,189.0,True,Polar,No gift
"Polar H10N -sykesensori, M-XXL, Musta",https://kauppa.dna.fi/tuote/p/polar-h10n-sykesensori-m-xxl-musta,79.0,79.0,99.0,False,Polar,No gift
Lenovo Idea Tab Pro Gen2,https://kauppa.dna.fi/tuote/p/lenovo-idea-tab-pro-gen2,499.0,499.0,549.0,True,Lenovo,No gift
"HONOR 600 Lite 5G, Musta",https://kauppa.dna.fi/tuote/p/honor-600-lite-5g-musta,299.0,299.0,299.0,True,Honor,Kaupan päälle jopa 55 € arvoinen näytönsuoja!
"HONOR 600 Pro 5G, Kullanvalkoinen",https://kauppa.dna.fi/tuote/p/honor-600-pro-5gkullanvalkoinen,999.0,999.0,999.0,True,HONOR,Kaupan päälle jopa 55 € arvoinen näytönsuoja!
"HONOR 600 5G, Musta",https://kauppa.dna.fi/tuote/p/honor-600-5g-musta,599.0,599.0,599.0,False,HONOR,Kaupan päälle jopa 55 € arvoinen näytönsuoja!
"Screenor MAGi -korttikotelo magneetilla, Konjakki",https://kauppa.dna.fi/tuote/p/screenor-magi-korttikotelo-magneetilla-konjakki,15.0,15.0,29.0,True,Screenor,No gift
"Grateq Tahko GaN USB-C -laturi 20 W + 1,5 m USB-C-kaapeli, Valkoinen",https://kauppa.dna.fi/tuote/p/grateq-tahko-gan-usb-c-laturi-20-w-+-15-m-usb-c-kaapeli-valkoinen,14.0,14.0,24.0,True,Grateq,No gift
"Samsung Galaxy A37 5G, 128 Gt, Awesome Charcoal",https://kauppa.dna.fi/tuote/p/samsung-galaxy-a37-5g-128-gt-awesome-charcoal,379.0,379.0,379.0,True,Samsung,Kaupan päälle jopa 55 € arvoinen näytönsuoja!
"Samsung Galaxy A37 5G, 256 Gt, Awesome Charcoal",https://kauppa.dna.fi/tuote/p/samsung-galaxy-a37-5g-256-gt-awesome-charcoal,479.0,479.0,479.0,True,Samsung,Kaupan päälle jopa 55 € arvoinen näytönsuoja!
"Samsung Galaxy A57 5G, 128 Gt, Awesome Gray",https://kauppa.dna.fi/tuote/p/samsung-galaxy-a57-5g-128-gt-awesome-gray,379.0,399.0,399.0,True,Samsung,Kaupan päälle jopa 120 € arvosta etuja!
"Samsung Galaxy A57 5G, 256 Gt, Awesome Gray",https://kauppa.dna.fi/tuote/p/samsung-galaxy-a57-5g-256-gt-awesome-gray,449.0,499.0,499.0,True,Samsung,Kaupan päälle jopa 120 € arvosta etuja!
Roborock Qrevo Edge 2 Pro -robotti-imuri,https://kauppa.dna.fi/tuote/p/roborock-qrevo-edge-2-pro-robotti-imuri,649.0,649.0,10.99,True,Roborock,No gift
HONOR Choice LiTag -paikannin,https://kauppa.dna.fi/tuote/p/honor-choice-litag-paikannin,19.0,19.0,39.0,True,Honor,No gift
"Motorola Moto G67 5G, Arctic Seal",https://kauppa.dna.fi/tuote/p/motorola-moto-g67-5g-arctic-seal,219.0,219.0,219.0,True,Motorola,Kaupan päälle jopa 55 € arvoinen näytönsuoja!
"Apple AirPods Max 2, Keskiyö",https://kauppa.dna.fi/tuote/p/apple-airpods-max-2-keskiyo,529.0,529.0,579.0,True,Apple,No gift
"Nothing Phone (4a) Pro 5G, 128 Gt, Hopea",https://kauppa.dna.fi/tuote/p/nothing-phone-4a-pro-5g-128-gt-hopea,499.0,499.0,499.0,False,Nothing,Kaupan päälle jopa 55 € arvoinen näytönsuoja!
Aqara Panel Hub S1 Plus -ohjauspaneeli,https://kauppa.dna.fi/tuote/p/aqara-panel-hub-s1-plus-ohjauspaneeli,469.0,469.0,469.0,True,Aqara,No gift
Aqara Climate Sensor W100 -lämpötila ja kosteusmittari,https://kauppa.dna.fi/tuote/p/aqara-climate-sensor-w100-lampotila-ja-kosteusmittari,39.0,39.0,39.0,True,Aqara,No gift
Aqara Presence Multi-Sensor FP300 -läsnäolotunnistin,https://kauppa.dna.fi/tuote/p/aqara-presence-multi-sensor-fp300-lasnaolotunnistin,49.0,49.0,49.0,True,Aqara,No gift
"ASUS TUF Gaming A16 16"" Ryzen 7 260 RTX 5060 FA608UM-RV003W",https://kauppa.dna.fi/tuote/p/asus-tuf-gaming-a16-16-ryzen-7-260-rtx-5060-fa608um-rv003w,11.99,11.99,16.49,False,ASUS,No gift
"ASUS TUF Gaming F16 16"" i5-14450HX RTX 5050",https://kauppa.dna.fi/tuote/p/asus-tuf-gaming-f16-16-i5-14450hx-rtx-5050,999.0,999.0,12.99,False,ASUS,No gift
"ASUS Vivobook 17 17,3"" Intel Core 3 100U",https://kauppa.dna.fi/tuote/p/asus-vivobook-17-17-3-intel-core-3-100u,499.0,499.0,649.0,True,ASUS,No gift
"ASUS Vivobook S16 16"" Ryzen AI 7 445",https://kauppa.dna.fi/tuote/p/asus-vivobook-s16-16-ryzen-ai-7-445,799.0,799.0,10.49,False,ASUS,No gift
"ASUS Zenbook 14 14"" Intel Core Ultra 7",https://kauppa.dna.fi/tuote/p/asus-zenbook-14-14-intel-core-ultra-7,999.0,999.0,12.99,False,ASUS,No gift
"Soundcore R50i langattomat nappikuulokkeet, Musta",https://kauppa.dna.fi/tuote/p/soundcore-r50i-langattomat-nappikuulokkeet-musta,39.0,39.0,49.0,True,Soundcore,No gift
"Soundcore P30i vastamelunappikuulokkeet, Musta",https://kauppa.dna.fi/tuote/p/soundcore-p30i-vastamelunappikuulokkeet-musta,49.0,49.0,69.0,True,Soundcore,No gift
"ASUS ROG Strix OLED XG27AQWMG 26,5"" QHD WOLED 280 Hz -pelinäyttö",https://kauppa.dna.fi/tuote/p/asus-rog-strix-oled-xg27aqwmg-26-5-qhd-woled-280-hz-pelinaytto,579.0,579.0,599.0,True,Asus,No gift
"Huawei Watch GT Runner 2 -älykello, Musta",https://kauppa.dna.fi/tuote/p/huawei-watch-gt-runner-2-alykello-musta,349.0,349.0,419.0,True,Huawei,No gift
Eufy eufyCam Solo E30 -valvontakamera,https://kauppa.dna.fi/tuote/p/eufy-eufycam-solo-e30-valvontakamera,79.0,79.0,199.0,True,Eufy,No gift
"Nothing Phone (4a) 5G, 128 Gt, Musta",https://kauppa.dna.fi/tuote/p/nothing-phone-4a-5g-128-gt-musta,349.0,349.0,349.0,False,Nothing,No gift
"Samsung Galaxy Buds4 Pro langattomat vastamelukuulokkeet, Valkoinen",https://kauppa.dna.fi/tuote/p/samsung-galaxy-buds4-pro-langattomat-vastamelukuulokkeet-valkoinen,199.0,199.0,249.0,True,Samsung,No gift
"Samsung Galaxy S26 Ultra 5G, 1 Tt, Black",https://kauppa.dna.fi/tuote/p/samsung-galaxy-s26-ultra-5g-1-tt-black,14.99,14.99,14.99,True,Samsung,Kaupan päälle jopa 399 € arvoinen tabletti!
"Samsung Galaxy S26 Ultra 5G, 256 Gt, Black",https://kauppa.dna.fi/tuote/p/samsung-galaxy-s26-ultra-5g-256-gt-black,12.99,12.99,12.99,True,Samsung,Kaupan päälle jopa 399 € arvoinen tabletti!
"Samsung Galaxy S26 Ultra 5G, 512 Gt, Black",https://kauppa.dna.fi/tuote/p/samsung-galaxy-s26-ultra-5g-512-gt-black,13.99,13.99,13.99,True,Samsung,Kaupan päälle jopa 399 € arvoinen tabletti!
"Samsung Galaxy S26+ 5G, 256 Gt, Cobalt Violet",https://kauppa.dna.fi/tuote/p/samsung-galaxy-s26+-5g-256-gt-cobalt-violet,999.0,999.0,999.0,True,Samsung,Kaupan päälle jopa 399 € arvoinen tabletti!
"Samsung Galaxy S26+ 5G, 512 Gt, Black",https://kauppa.dna.fi/tuote/p/samsung-galaxy-s26+-5g-512-gt-black,10.99,11.99,11.99,True,Samsung,Kaupan päälle jopa 399 € arvoinen tabletti!
"Samsung Galaxy Book6 Pro 14"" Intel Core U7",https://kauppa.dna.fi/tuote/p/samsung-galaxy-book6-pro-14-intel-core-u7,14.99,14.99,23.99,True,Samsung,No gift
"Samsung 49"" Odyssey OLED G9 G91SD DQHD 144 Hz kaareva pelinäyttö",https://kauppa.dna.fi/tuote/p/samsung-49-odyssey-oled-g9-g91sd-dqhd-144-hz-kaareva-pelinaytto,749.0,749.0,11.99,True,Samsung,No gift
"Samsung 27"" Odyssey G7 G70F 4K UHD 180 Hz / FHD 363 Hz -pelinäyttö",https://kauppa.dna.fi/tuote/p/samsung-27-odyssey-g7-g70f-4k-uhd-180-hz-fhd-363-hz-pelinaytto,499.0,499.0,649.0,True,Samsung,No gift
"Samsung 27"" Odyssey OLED G6 G60SF QHD 500 Hz -pelinäyttö",https://kauppa.dna.fi/tuote/p/samsung-27-odyssey-oled-g6-g60sf-qhd-500-hz-pelinaytto,749.0,749.0,999.0,True,Samsung,No gift
"Samsung 32"" Odyssey G5 G50F QHD 180 Hz -näyttö",https://kauppa.dna.fi/tuote/p/samsung-32-odyssey-g5-g50f-qhd-180-hz-naytto,199.0,199.0,299.0,False,Samsung,No gift
"Samsung 27"" Odyssey G5 G50F QHD 180 Hz -näyttö",https://kauppa.dna.fi/tuote/p/samsung-27-odyssey-g5-g50f-qhd-180-hz-naytto,159.0,159.0,249.0,False,Samsung,No gift
"HONOR Choice Earbuds X8i -langattomat kuulokkeet, Valkoinen",https://kauppa.dna.fi/tuote/p/honor-choice-earbuds-x8i-langattomat-kuulokkeet-valkoinen,24.0,24.0,34.0,True,Honor,No gift
"HONOR Watch Fit Active -älykello, Musta",https://kauppa.dna.fi/tuote/p/honor-watch-fit-active-alykello-musta,89.0,89.0,129.0,True,Honor,No gift
Eufy Omni C20 -robotti-imuri,https://kauppa.dna.fi/tuote/p/eufy-omni-c20-robotti-imuri,299.0,299.0,499.0,True,Eufy,No gift
"MyFirst Fone M1 lasten kellopuhelin, Pinkki",https://kauppa.dna.fi/tuote/p/myfirst-fone-m1-lasten-kellopuhelin-pinkki,59.0,59.0,99.0,True,MyFirst,No gift
"ZTE K2 lasten kellopuhelin, Pinkki",https://kauppa.dna.fi/tuote/p/zte-k2-lasten-kellopuhelin-pinkki,89.0,89.0,139.0,True,ZTE,No gift
"Acer Aspire All-in-One C27-2G 27"" Ryzen 7 5825U",https://kauppa.dna.fi/tuote/p/acer-aspire-all-in-one-c27-2g-27-ryzen-7-5825u,799.0,799.0,949.0,False,Acer,No gift
"Acer Aspire All-in-One C24-2G 23,8"" Ryzen 5 5500U",https://kauppa.dna.fi/tuote/p/acer-aspire-all-in-one-c24-2g-23.8-ryzen-5-5500u,649.0,649.0,749.0,True,Acer,No gift
"Acer Aspire Go 14 AG14-22P 14"" Athlon Silver 7120U",https://kauppa.dna.fi/tuote/p/acer-aspire-go-14-ag14-22p-14-athlon-silver-7120u,279.0,279.0,379.0,True,Acer,No gift
TP-Link Tapo C610 KIT -valvontakamera aurinkopaneelilla,https://kauppa.dna.fi/tuote/p/tp-link-tapo-c610-kit-valvontakamera-aurinkopaneelilla,89.0,89.0,129.0,True,TP-Link,No gift
"HONOR Magic8 Pro 5G, 512 Gt, Black",https://kauppa.dna.fi/tuote/p/honor-magic8-pro-5g-512-gt-black,10.99,10.99,10.99,True,Honor,Kaupan päälle jopa 55 € arvoinen näytönsuoja!
Lenovo IdeaCentre Mini 01IRH10R i5-210H,https://kauppa.dna.fi/tuote/p/lenovo-ideacentre-mini-01irh10r-i5-210h,649.0,649.0,799.0,True,Lenovo,No gift
"Lenovo IdeaPad Slim 3 16ARP10 16"" Ryzen 5 7535HS 8 Gt RAM",https://kauppa.dna.fi/tuote/p/lenovo-ideapad-slim-3-16arp10-16-ryzen-5-7535hs-8-gt-ram,449.0,449.0,649.0,True,Lenovo,No gift
"Huawei FreeBuds SE4 langattomat nappikuulokkeet, Musta",https://kauppa.dna.fi/tuote/p/huawei-freebuds-se4-langattomat-nappikuulokkeet-musta,49.0,49.0,69.0,True,Huawei,No gift
"Huawei FreeBuds 7i langattomat nappikuulokkeet, Musta",https://kauppa.dna.fi/tuote/p/huawei-freebuds-7i-langattomat-nappikuulokkeet-musta,79.0,79.0,119.0,True,Huawei,No gift
"OnePlus Pad Go 2 5G, Shadow Black",https://kauppa.dna.fi/tuote/p/oneplus-pad-go-2-5g-shadow-black,299.0,299.0,449.0,True,OnePlus,
"OnePlus Watch Lite, Hopea",https://kauppa.dna.fi/tuote/p/oneplus-watch-lite-hopea,119.0,119.0,179.0,False,OnePlus,No gift
TP-Link Tapo C545D -valvontakamera,https://kauppa.dna.fi/tuote/p/tp-link-tapo-c545d-valvontakamera,84.0,84.0,109.0,False,TP-Link,No gift
"JBL Junior Free avoimet nappikuulokkeet, Persikka",https://kauppa.dna.fi/tuote/p/jbl-junior-free-avoimet-nappikuulokkeet-persikka,39.0,39.0,79.0,True,JBL,No gift
"Soundcore Q30 -vastamelukuulokkeet, Musta",https://kauppa.dna.fi/tuote/p/soundcore-q30-vastamelukuulokkeet-musta,59.0,59.0,99.0,True,Soundcore,No gift
"Soundcore Space A40 -vastamelunappikuulokkeet, Musta",https://kauppa.dna.fi/tuote/p/soundcore-space-a40-vastamelunappikuulokkeet-musta,59.0,59.0,109.0,True,Soundcore,No gift
EZVIZ BC1c 4K -valvontakamera,https://kauppa.dna.fi/tuote/p/ezviz-bc1c-4k-valvontakamera,159.0,159.0,159.0,True,EZVIZ,No gift
EZVIZ H8c SE 2K -valvontakamera,https://kauppa.dna.fi/tuote/p/ezviz-h8c-se-2k-valvontakamera,49.0,49.0,49.0,False,EZVIZ,No gift
EZVIZ HB90X Dual 4G -valvontakamera aurinkopaneelilla,https://kauppa.dna.fi/tuote/p/ezviz-hb90x-dual-4g-valvontakamera-aurinkopaneelilla,209.0,209.0,299.0,True,EZVIZ,
EZVIZ HB8 Lite 4G -valvontakamera aurinkopaneelilla,https://kauppa.dna.fi/tuote/p/ezviz-hb8-lite-4g-valvontakamera-aurinkopaneelilla,99.0,99.0,169.0,True,EZVIZ,Kaupan päälle jopa 39 € arvoinen valvontakamera!
"JBL Grip langaton kaiutin, Camo",https://kauppa.dna.fi/tuote/p/jbl-grip-langaton-kaiutin-camo,69.0,69.0,99.0,True,JBL,No gift
"Lenovo Legion 27U-10 27"" 4K UHD -pelinäyttö",https://kauppa.dna.fi/tuote/p/lenovo-legion-27u-10-27-4k-uhd-pelinaytto,279.0,279.0,339.0,True,Lenovo,No gift
"MSI Katana 15 HX B14WFK 15,6"" i7-14650HX RTX 5060",https://kauppa.dna.fi/tuote/p/msi-katana-15-hx-b14wfk-15-6-i7-14650hx-rtx-5060,12.99,12.99,15.99,True,MSI,No gift
"MSI Cyborg 15 B13WGKG 15,6"" i7-13620H RTX 5070",https://kauppa.dna.fi/tuote/p/msi-cyborg-15-b13wgkg-15-6-i7-13620h-rtx-5070,13.99,13.99,15.99,True,MSI,No gift
"MSI Cyborg 15 B13WFKG 15,6"" i7-13620H RTX 5060",https://kauppa.dna.fi/tuote/p/msi-cyborg-15-b13wfkg-15-6-i7-13620h-rtx-5060,10.89,10.89,12.99,True,MSI,No gift
"MSI Cyborg 15 B13WEKG 15,6"" i5-13420H RTX 5050",https://kauppa.dna.fi/tuote/p/msi-cyborg-15-b13wekg-15-6-i5-13420h-rtx-5050,949.0,949.0,11.49,True,MSI,No gift
Samsung Galaxy Tab A11+ 5G,https://kauppa.dna.fi/tuote/p/samsung-galaxy-tab-a11+-5g,229.0,229.0,329.0,True,Samsung,
Samsung Galaxy Tab A11+ WiFi,https://kauppa.dna.fi/tuote/p/samsung-galaxy-tab-a11+-wifi,199.0,199.0,279.0,False,Samsung,No gift
"Lenovo L27-4e 27"" Full HD -näyttö",https://kauppa.dna.fi/tuote/p/lenovo-l27-4e-27-full-hd-naytto,99.0,99.0,139.0,True,Lenovo,No gift
"Lenovo Legion 27-10 27"" Full HD -näyttö",https://kauppa.dna.fi/tuote/p/lenovo-legion-27-10-27-full-hd-naytto,129.0,129.0,179.0,True,Lenovo,No gift
"Acer PD193Q E 18,5"" Full HD -mobiilinäyttö",https://kauppa.dna.fi/tuote/p/acer-pd193q-e-18-5-full-hd-mobiilinaytto,289.0,289.0,349.0,True,Acer,No gift
"Motorola Moto G06, PANTONE Tapestry -sininen",https://kauppa.dna.fi/tuote/p/motorola-moto-g06-pantone-tapestry-sininen,99.0,99.0,99.0,True,Motorola,Kaupan päälle jopa 55 € arvoinen näytönsuoja!
EZVIZ HP3 Pro -ovikellokamera aurinkopaneelilla,https://kauppa.dna.fi/tuote/p/ezviz-hp3-pro-ovikellokamera-aurinkopaneelilla,89.0,89.0,89.0,True,EZVIZ,No gift
"Screenor Lumo MagSafe -suojakuori Apple iPhone 16e -puhelimelle, Musta",https://kauppa.dna.fi/tuote/p/screenor-lumo-magsafe-suojakuori-apple-iphone-16e-puhelimelle-musta,9.0,9.0,29.0,False,Screenor,No gift
"HONOR X5c Plus, 64 Gt, Musta",https://kauppa.dna.fi/tuote/p/honor-x5c-plus-64-gt-musta,99.0,99.0,99.0,True,Honor,Kaupan päälle jopa 55 € arvoinen näytönsuoja!
"TP-Link Tapo RV20 Max Plus -robotti-imuri, Musta",https://kauppa.dna.fi/tuote/p/tp-link-tapo-rv20-max-plus-robotti-imuri-musta,199.0,199.0,259.0,True,TP-Link,No gift
"ASUS TUF VG32WQ3B 31,5"" QHD kaareva pelinäyttö",https://kauppa.dna.fi/tuote/p/asus-tuf-vg32wq3b-31-5-qhd-kaareva-pelinaytto,209.0,209.0,229.0,True,Asus,No gift
"ASUS TUF Gaming VG27AQ5A 27"" QHD -pelinäyttö",https://kauppa.dna.fi/tuote/p/asus-tuf-gaming-vg27aq5a-27-qhd-pelinaytto,159.0,159.0,219.0,True,Asus,No gift
"ASUS TUF Gaming VG249Q5A 23,8"" Full HD -pelinäyttö",https://kauppa.dna.fi/tuote/p/asus-tuf-gaming-vg249q5a-23-8-full-hd-pelinaytto,99.0,99.0,129.0,True,Asus,No gift
"Garmin Venu 4 -älykello, 45 mm, Keltainen",https://kauppa.dna.fi/tuote/p/garmin-venu-4-alykello-45-mm-keltainen,419.0,419.0,439.0,True,Garmin,No gift
"Garmin Venu 4 -älykello, 41 mm, Musta",https://kauppa.dna.fi/tuote/p/garmin-venu-4-alykello-41-mm-musta,419.0,419.0,439.0,True,Garmin,No gift
Philips Hue Secure Flood Light -valonheitin kameralla,https://kauppa.dna.fi/tuote/p/philips-hue-secure-flood-light-valonheitin-kameralla,229.0,229.0,309.0,True,Philips Hue,No gift
"ZTE K2 Pro lasten kellopuhelin, Pinkki",https://kauppa.dna.fi/tuote/p/zte-k2-pro-lasten-kellopuhelin-pinkki,129.0,129.0,169.0,True,ZTE,No gift
"Acer Nitro XF270 W3 27"" FHD -pelinäyttö",https://kauppa.dna.fi/tuote/p/acer-nitro-xf270-w3-27-fhd-pelinaytto,109.0,109.0,189.0,True,Acer,No gift
"Garmin HRM 200 -sykevyö, XS-S",https://kauppa.dna.fi/tuote/p/garmin-hrm-200-sykevyo-xs-s,69.0,69.0,95.0,True,Garmin,No gift
"Garmin HRM 200 -sykevyö, M-XL",https://kauppa.dna.fi/tuote/p/garmin-hrm-200-sykevyo-m-xl,69.0,69.0,95.0,True,Garmin,No gift
"Samsung 49"" Odyssey OLED G9 G935 kaareva pelinäyttö",https://kauppa.dna.fi/tuote/p/samsung-49-odyssey-oled-g9-g935-kaareva-pelinaytto,999.0,999.0,11.99,True,Samsung,No gift
"Samsung 32"" Odyssey OLED G8 G81SF -pelinäyttö",https://kauppa.dna.fi/tuote/p/samsung-32-odyssey-oled-g8-g81sf-pelinaytto,749.0,749.0,11.49,False,Samsung,No gift
"Samsung 32"" Odyssey G5 (G51F) -pelinäyttö",https://kauppa.dna.fi/tuote/p/samsung-32-odyssey-g5-g51f-pelinaytto,169.0,169.0,279.0,True,Samsung,No gift
"Samsung 27"" Odyssey G5 (G51F) -pelinäyttö",https://kauppa.dna.fi/tuote/p/samsung-27-odyssey-g5-g51f-pelinaytto,150.0,150.0,229.0,True,Samsung,No gift
"Dreame MatriX 10 Ultra -robotti-imuri, Musta",https://kauppa.dna.fi/tuote/p/dreame-matrix-10-ultra-robotti-imuri-musta,899.0,899.0,14.79,True,Dreame,No gift
Acer Predator Nexus 332 -pelipöytä,https://kauppa.dna.fi/tuote/p/acer-predator-nexus-332-pelipoyta,249.0,249.0,349.0,True,Acer,No gift
Acer Predator Rift Go 331 -pelituoli,https://kauppa.dna.fi/tuote/p/acer-predator-rift-go-331-pelituoli,179.0,179.0,279.0,True,Acer,No gift
"Dreame X50 Ultra -robotti-imuri, Musta",https://kauppa.dna.fi/tuote/p/dreame-x50-ultra-robotti-imuri-musta,729.0,729.0,12.99,True,Dreame,No gift
"Huawei Watch GT 6 -älykello, 41 mm, Valkoinen",https://kauppa.dna.fi/tuote/p/huawei-watch-gt-6-alykello-41-mm-valkoinen,229.0,229.0,269.0,True,Huawei,No gift
"Huawei Watch GT 6 -älykello, 46 mm, Musta",https://kauppa.dna.fi/tuote/p/huawei-watch-gt-6-alykello-46-mm-musta,219.0,219.0,269.0,True,Huawei,No gift
"Huawei Watch GT 6 Pro -älykello, 46 mm, Ruskea",https://kauppa.dna.fi/tuote/p/huawei-watch-gt-6-pro-alykello-46-mm-ruskea,329.0,329.0,379.0,True,Huawei,No gift
"Huawei Watch GT 6 Pro -älykello, titaaniranneke, 46 mm",https://kauppa.dna.fi/tuote/p/huawei-watch-gt-6-pro-alykello-titaaniranneke-46-mm,449.0,449.0,499.0,True,Huawei,No gift
"Philips Hue Solo -valonauha, 10 metriä",https://kauppa.dna.fi/tuote/p/philips-hue-solo-valonauha-10-metria,69.0,69.0,159.0,True,Philips Hue,No gift
Screenor Lumo -suojakuori Apple iPhone 17 Pro Max -puhelimelle,https://kauppa.dna.fi/tuote/p/screenor-lumo-suojakuori-apple-iphone-17-pro-max-puhelimelle,9.0,9.0,29.0,False,Screenor,No gift
Screenor Lumo -suojakuori Apple iPhone 17 Pro -puhelimelle,https://kauppa.dna.fi/tuote/p/screenor-lumo-suojakuori-apple-iphone-17-pro-puhelimelle,9.0,9.0,29.0,False,Screenor,No gift
Screenor Lumo -suojakuori Apple iPhone 17 -puhelimelle,https://kauppa.dna.fi/tuote/p/screenor-lumo-suojakuori-apple-iphone-17-puhelimelle,9.0,9.0,29.0,False,Screenor,No gift
Screenor Lumo -suojakuori Apple iPhone Air -puhelimelle,https://kauppa.dna.fi/tuote/p/screenor-lumo-suojakuori-apple-iphone-air-puhelimelle,29.0,29.0,29.0,True,Screenor,No gift
Razer Huntsman V2 -pelinäppäimistö,https://kauppa.dna.fi/tuote/p/razer-huntsman-v2-pelinappaimisto,159.0,159.0,229.0,True,Razer,No gift
"Samsung Galaxy A17 5G, 256 Gt, Black",https://kauppa.dna.fi/tuote/p/samsung-galaxy-a17-5g-256-gt-black,199.0,199.0,199.0,False,Samsung,Kaupan päälle jopa 55 € arvoinen näytönsuoja!
"Samsung Galaxy A17 5G, 128 Gt, Black",https://kauppa.dna.fi/tuote/p/samsung-galaxy-a17-5g-128-gt-black,179.0,179.0,179.0,True,Samsung,Kaupan päälle jopa 55 € arvoinen näytönsuoja!
"Roborock Q7 BF+ -robotti-imuri, Musta",https://kauppa.dna.fi/tuote/p/roborock-q7-bf+-robotti-imuri-musta,219.0,219.0,309.0,False,Roborock,No gift
"Apple iPhone 17 Pro 5G, 256 Gt, Hopea",https://kauppa.dna.fi/tuote/p/apple-iphone-17-pro-5g-256-gt-hopea,10.99,10.99,10.99,True,Apple,Kaupan päälle jopa 55 € arvoinen näytönsuoja!
Apple AirPods Pro 3 langattomat vastamelukuulokkeet,https://kauppa.dna.fi/tuote/p/apple-airpods-pro-3-langattomat-vastamelukuulokkeet,219.0,219.0,249.0,True,Apple,No gift
"Samsung Galaxy Tab S11 5G, Gray",https://kauppa.dna.fi/tuote/p/samsung-galaxy-tab-s11-5g-gray,799.0,799.0,11.99,True,Samsung,
"Samsung Galaxy Tab S11 WiFi, Gray",https://kauppa.dna.fi/tuote/p/samsung-galaxy-tab-s11-wifi-gray,679.0,679.0,999.0,True,Samsung,No gift
"Acer Iconia Tab A10-31M 10,1"" WiFi",https://kauppa.dna.fi/tuote/p/acer-iconia-tab-a10-31m-10-1-wifi,109.0,109.0,149.0,False,Acer,No gift
"Acer Nitro V16 16"" AMD Ryzen 7-260 RTX 5060",https://kauppa.dna.fi/tuote/p/acer-nitro-v16-16-amd-ryzen-7-260-rtx-5060,13.99,13.99,17.49,True,Acer,No gift
"Aqara Camera HUB G5 Pro -valvontakamera keskittimellä, Valkoinen",https://kauppa.dna.fi/tuote/p/aqara-camera-hub-g5-pro-valvontakamera-keskittimella-valkoinen,139.0,139.0,199.0,True,Aqara,No gift
Aqara Hub M3 -keskusyksikkö,https://kauppa.dna.fi/tuote/p/aqara-hub-m3-keskusyksikko,159.0,159.0,159.0,True,Aqara,No gift
Aqara Smoke Sensor -älypalovaroitin,https://kauppa.dna.fi/tuote/p/aqara-smoke-sensor-alypalovaroitin,44.0,44.0,44.0,True,Aqara,No gift
Aqara Roller Shade Driver E1 -rullaverhon älyohjain,https://kauppa.dna.fi/tuote/p/aqara-roller-shade-driver-e1-rullaverhon-alyohjain,59.0,59.0,59.0,True,Aqara,No gift
JBL Partybox Encore 2 -kaiutin + langaton mikrofoni,https://kauppa.dna.fi/tuote/p/jbl-partybox-encore-essential-2--kaiutin-+-langaton-mikrofoni,229.0,229.0,349.0,True,JBL,No gift
"JBL Flip 7 langaton kaiutin, Musta",https://kauppa.dna.fi/tuote/p/jbl-flip-7-langaton-kaiutin-musta,89.0,89.0,149.0,True,JBL,No gift
"JBL Endurance Race 2 langattomat urheilukuulokkeet, Valkoinen",https://kauppa.dna.fi/tuote/p/jbl-endurance-race-2-langattomat-urheilukuulokkeet-valkoinen,59.0,59.0,79.0,True,JBL,No gift
"Samsung Galaxy Tab S10 Lite 5G, 128 Gt, Gray",https://kauppa.dna.fi/tuote/p/samsung-galaxy-tab-s10-lite-5g-128-gt-gray,299.0,299.0,479.0,True,Samsung,
"Samsung Galaxy Tab S10 Lite WiFi, 128 Gt, Coralred",https://kauppa.dna.fi/tuote/p/samsung-galaxy-tab-s10-lite-wifi-128-gt-coralred,269.0,269.0,399.0,True,Samsung,No gift
"Aqara Camera G100 -valvontakamera, Musta",https://kauppa.dna.fi/tuote/p/aqara-camera-g100--valvontakamera-musta,29.0,29.0,41.0,True,Aqara,No gift
"Aqara Doorbell Camera Hub G410 -ovikellokamera, Musta",https://kauppa.dna.fi/tuote/p/aqara-doorbell-camera-hub-g410--ovikellokamera-musta,149.0,149.0,149.0,True,Aqara,No gift
"Samsung Galaxy Buds3 FE langattomat vastamelukuulokkeet, Musta",https://kauppa.dna.fi/tuote/p/samsung-galaxy-buds3-fe-langattomat-vastamelukuulokkeet-musta,99.0,99.0,149.0,True,Samsung,No gift
Dreame D20 Plus -robotti-imuri,https://kauppa.dna.fi/tuote/p/dreame-d20-plus--robotti-imuri,199.0,199.0,349.0,False,Dreame,No gift
TP-Link Tapo C260 -valvontakamera,https://kauppa.dna.fi/tuote/p/tp-link-tapo-c260-valvontakamera,49.0,49.0,69.0,True,TP-Link,No gift
TP-Link Tapo C560WS -valvontakamera,https://kauppa.dna.fi/tuote/p/tp-link-tapo-c560ws-valvontakamera,84.0,84.0,109.0,False,TP-Link,No gift
TP-Link Tapo C660 -valvontakamera aurinkopaneelilla,https://kauppa.dna.fi/tuote/p/tp-link-tapo-c660-valvontakamera-aurinkopaneelilla,129.0,129.0,169.0,True,TP-Link,No gift
"MSI Crosshair 16 HX AI 16"" Intel Core Ultra 7-255HX RTX 5060 D2XWFKG-011NEU",https://kauppa.dna.fi/tuote/p/msi-crosshair-16-hx-ai-16-intel-core-ultra-7-255hx-rtx-5060-d2xwfkg-011neu,17.99,17.99,19.99,True,MSI,No gift
"MSI Katana 15 HX 15,6"" Intel Core i7-14650HX RTX 5070 B14WGK-012NEU",https://kauppa.dna.fi/tuote/p/msi-katana-15-hx-15-6-intel-core-i7-14650hx-rtx-5070-b14wgk-012neu,15.49,15.49,16.59,False,MSI,No gift
"MSI Cyborg A15 15,6"" AMD Ryzen 7 260 RTX 5060 B2HWFKG-001NEU",https://kauppa.dna.fi/tuote/p/msi-cyborg-a15-15-6-amd-ryzen-7-260-rtx-5060-b2hwfkg-001neu,11.99,11.99,15.49,True,MSI,No gift
Acer Predator Orion 3000 Intel Core i7-14700F RTX 5070 DG.E4UEQ.009,https://kauppa.dna.fi/tuote/p/acer-predator-orion-3000-intel-core-i7-14700f-rtx-5070-dge4ueq009,19.99,19.99,23.49,False,Acer,No gift
"Acer Aspire Go 14 14"" AMD Ryzen 5-7520U NX.J3NED.009",https://kauppa.dna.fi/tuote/p/acer-aspire-go-14-14-amd-ryzen-5-7520u-nxj3ned009,449.0,449.0,649.0,False,Acer,No gift
"Samsung Galaxy S25 5G, 256 Gt, Silver Shadow",https://kauppa.dna.fi/tuote/p/samsung-galaxy-s25-5g-256-gt-silvershadow,599.0,599.0,599.0,True,Samsung,Kaupan päälle jopa 55 € arvoinen näytönsuoja!
"Samsung Galaxy S25 5G, 128 Gt, Icy Blue",https://kauppa.dna.fi/tuote/p/samsung-galaxy-s25-5g-128-gt-icyblue,499.0,499.0,499.0,True,Samsung,Kaupan päälle jopa 55 € arvoinen näytönsuoja!
"Samsung Galaxy Book5 15"" Intel Core Ultra 7 NP750XHD-KD2SE",https://kauppa.dna.fi/tuote/p/samsung-galaxy-book5-15-intel-core-ultra-7-np750xhd-kd2se,999.0,999.0,11.99,True,Samsung,No gift
"Samsung Galaxy Book5 15"" Intel Core Ultra 5 NP750XHD-KD3SE",https://kauppa.dna.fi/tuote/p/samsung-galaxy-book5-15-intel-core-ultra-5-np750xhd-kd3se,599.0,599.0,999.0,True,Samsung,Kaupan päälle jopa 149 € arvoiset kuulokkeet!
"Nothing Phone (3), 256 Gt, Musta",https://kauppa.dna.fi/tuote/p/nothing-phone-3-265-gt-musta,599.0,599.0,599.0,False,Nothing,Kaupan päälle jopa 55 € arvoinen näytönsuoja!
"Samsung Galaxy Watch Ultra eSim (2025) -älykello, Titanium Silver",https://kauppa.dna.fi/tuote/p/samsung-galaxy-watch-ultra-esim-2025-alykello-titanium-silver,549.0,549.0,699.0,True,Samsung,No gift
"Samsung Galaxy Watch8 -älykello, 40mm, Graphite",https://kauppa.dna.fi/tuote/p/samsung-galaxy-watch8-alykello-40mm-graphite,249.0,249.0,379.0,True,Samsung,No gift
"Samsung Galaxy Watch8 Classic eSIM -älykello, Musta",https://kauppa.dna.fi/tuote/p/samsung-galaxy-watch8-classic-esim-alykello-musta,469.0,469.0,579.0,True,Samsung,No gift
"Samsung Galaxy Watch8 eSIM -älykello, 40mm, Graphite",https://kauppa.dna.fi/tuote/p/samsung-galaxy-watch8-esim-alykello-40mm-graphite,329.0,329.0,429.0,True,Samsung,No gift
"Samsung Galaxy Watch8 eSIM -älykello, 44mm, Graphite",https://kauppa.dna.fi/tuote/p/samsung-galaxy-watch8-esim-alykello-44mm-graphite,349.0,349.0,459.0,True,Samsung,No gift
"Nothing Phone (3), 512 Gt, Valkoinen",https://kauppa.dna.fi/tuote/p/nothing-phone-3-512-gt-valkoinen,699.0,699.0,699.0,True,Nothing,Kaupan päälle jopa 55 € arvoinen näytönsuoja!
E-Way E-25020OR -sähköpotkulauta,https://kauppa.dna.fi/tuote/p/e-way-e-2502or-sahkopotkulauta,349.0,349.0,449.0,True,E-Way,No gift
"HONOR Choice Watch 2i -älykello, Valkoinen",https://kauppa.dna.fi/tuote/p/honor-choice-watch-2i-alykello-valkoinen,34.0,34.0,59.0,True,Honor,No gift
"HONOR Choice Earbuds Clip langattomat kuulokkeet, Musta",https://kauppa.dna.fi/tuote/p/honor-choice-earbuds-clip-langattomat-kuulokkeet-musta,49.0,49.0,149.0,True,Honor,No gift
EZVIZ HB8 Pro 4K -valvontakamera,https://kauppa.dna.fi/tuote/p/ezviz-hb8-pro-4k-valvontakamera,109.0,109.0,109.0,True,EZVIZ,No gift
EZVIZ EB3 4G -valvontakamera,https://kauppa.dna.fi/tuote/p/ezviz-eb3-4g-valvontakamera,139.0,139.0,139.0,True,EZVIZ,
EZVIZ HB8 Lite 2K+ -valvontakamera,https://kauppa.dna.fi/tuote/p/ezviz-hb8-lite-2k+-valvontakamera,64.0,64.0,99.0,True,EZVIZ,No gift
EZVIZ H90 DUAL 2K+ -valvontakamera,https://kauppa.dna.fi/tuote/p/ezviz-h90-dual-2k+-valvontakamera,109.0,109.0,159.0,True,EZVIZ,No gift
"Dreame L40s Pro Ultra, Black",https://kauppa.dna.fi/tuote/p/dreame-l40s-pro-ultra-black,579.0,579.0,779.0,True,Dreame,No gift
"Roborock Saros Z70 -robotti-imuri, Hopea",https://kauppa.dna.fi/tuote/p/roborock-saros-z70-robotti-imuri-hopea,749.0,749.0,16.49,True,Roborock,No gift
"Samsung Galaxy S25 Edge 5G, 256 Gt, Titanium Icyblue",https://kauppa.dna.fi/tuote/p/samsung-galaxy-s25-edge-5g-256-gt-titanium-icyblue,799.0,799.0,799.0,True,Samsung,Kaupan päälle jopa 55 € arvoinen näytönsuoja!
"Samsung Odyssey G5 G55T 34"" kaareva pelinäyttö",https://kauppa.dna.fi/tuote/p/samsung-odyssey-g5-g55t-34-kaareva-pelinaytto,249.0,249.0,349.0,True,Samsung,No gift
Razer DeathAdder V3 Pro langaton pelihiiri,https://kauppa.dna.fi/tuote/p/razer-deathadder-v3-pro-langaton-pelihiiri,109.0,109.0,169.0,True,Razer,No gift
"HONOR 400 5G, Kulta",https://kauppa.dna.fi/tuote/p/honor-400-5g-kulta,299.0,299.0,299.0,True,Honor,Kaupan päälle jopa 55 € arvoinen näytönsuoja!
"Huawei FIT 4 -älykello, Harmaa",https://kauppa.dna.fi/tuote/p/huawei-fit-4-alykello-harmaa,119.0,119.0,169.0,True,Huawei,No gift
"Huawei Watch FIT 4 Pro -älykello, Musta",https://kauppa.dna.fi/tuote/p/huawei-watch-fit-4-pro-alykello-musta,169.0,169.0,279.0,True,Huawei,No gift
"Samsung Galaxy S25 Edge 5G, 512 Gt, Titanium Icyblue",https://kauppa.dna.fi/tuote/p/samsung-galaxy-s25-edge-5g-512-gt-titanium-icyblue,799.0,799.0,799.0,True,Samsung,Kaupan päälle jopa 55 € arvoinen näytönsuoja!
"Acer Chromebook 314 CBOA314-1H-C3H3 14"" N4500",https://kauppa.dna.fi/tuote/p/acer-chromebook-314-cboa314-1h-c3h3-14-n4500,199.0,199.0,329.0,False,Acer,No gift
"Valco VMK25 -vastamelukuulokkeet, Musta",https://kauppa.dna.fi/tuote/p/valco-vmk25-vastamelukuulokkeet-musta,199.0,199.0,199.0,False,Valco,Kaupan päälle jopa 29 € arvoinen suojakuori!
"JBL PartyBox Stage 320 langaton kaiutin, Musta",https://kauppa.dna.fi/tuote/p/jbl-partybox-stage-320-langaton-kaiutin-musta,499.0,499.0,499.0,False,JBL,No gift
"Motorola Razr 60 Ultra 5G, Mountain Trail",https://kauppa.dna.fi/tuote/p/motorola-razr-60-ultra-5g-mountain-trail,599.0,599.0,599.0,False,Motorola,Kaupan päälle jopa 55 € arvoinen näytönsuoja!
"Sony WF-C710N langattomat vastamelukuulokkeet, Musta",https://kauppa.dna.fi/tuote/p/sony-wf-c710n-langattomat-vastamelukuulokkeet-musta,69.0,69.0,99.0,True,Sony,No gift
"JBL Tour Pro 3 langattomat vastamelunappikuulokkeet, Latte",https://kauppa.dna.fi/tuote/p/jbl-tour-pro-3-langattomat-vastamelunappikuulokkeet-latte,189.0,189.0,299.0,True,JBL,No gift
"Huawei Band 10 -aktiivisuusranneke, Vihreä",https://kauppa.dna.fi/tuote/p/huawei-band-10-aktiivisuusranneke-vihrea,29.0,29.0,59.0,False,Huawei,No gift
EZVIZ EP3x Pro WiFi -älyovikello,https://kauppa.dna.fi/tuote/p/ezviz-ep3x-pro-wifi-alyovikello,119.0,119.0,119.0,True,EZVIZ,No gift
TP-Link Tapo D210 -ovikellokamera,https://kauppa.dna.fi/tuote/p/tp-link-tapo-d210-ovikellokamera,59.0,59.0,89.0,False,TP-Link,No gift
E-Way E-50025FRS -sähköpotkulauta,https://kauppa.dna.fi/tuote/p/e-way-e-50025frs-sahkopotkulauta,449.0,449.0,599.0,True,E-Way,No gift
"Apple iPhone 16e 5G, 128 Gt, Musta",https://kauppa.dna.fi/tuote/p/apple-iphone-16e-5g-128-gt-musta,429.0,429.0,429.0,True,Apple,Kaupan päälle jopa 55 € arvoinen näytönsuoja!
"MSI Cyborg 15 15,6"" i7-13620H RTX 3050 A13UDX-1666NEU",https://kauppa.dna.fi/tuote/p/msi-cyborg-15-15-6-i7-13620h-rtx-3050-a13udx-1666neu,899.0,899.0,11.59,True,MSI,No gift
"Samsung Odyssey OLED G6 G60SD 27"" -pelinäyttö",https://kauppa.dna.fi/tuote/p/samsung-odyssey-oled-g6-g60sd-27-pelinaytto,549.0,549.0,749.0,True,Samsung,No gift
"Samsung Odyssey G5 S27CG510 27"" -pelinäyttö",https://kauppa.dna.fi/tuote/p/samsung-odyssey-g5-s27cg510-27-pelinaytto,159.0,159.0,249.0,True,Samsung,No gift
"Huawei Watch GT5 -älykello, 46 mm, Musta",https://kauppa.dna.fi/tuote/p/huawei-watch-gt5-alykello-46-mm-musta,169.0,169.0,219.0,True,Huawei,No gift
"Huawei Watch GT5 -älykello, 41 mm, Kulta",https://kauppa.dna.fi/tuote/p/huawei-watch-gt5-alykello-41-mm-kulta,189.0,189.0,249.0,True,Huawei,No gift
"Harman Kardon Onyx Studio 9 langaton kaiutin, Harmaa",https://kauppa.dna.fi/tuote/p/harman-kardon-onyx-studio-9-langaton-kaiutin-harmaa,159.0,159.0,399.0,False,Harman Kardon,No gift
"Samsung Galaxy Ring, koko 10, Titanium Black",https://kauppa.dna.fi/tuote/p/samsung-galaxy-ring-koko-10-titanium-black,249.0,249.0,429.0,True,Samsung,No gift
"Samsung Galaxy Ring, koko 11, Titanium Black",https://kauppa.dna.fi/tuote/p/samsung-galaxy-ring-koko-11-titanium-black,249.0,249.0,429.0,True,Samsung,No gift
"Samsung Galaxy Ring, koko 12, Titanium Black",https://kauppa.dna.fi/tuote/p/samsung-galaxy-ring-koko-12-titanium-black,249.0,249.0,429.0,True,Samsung,No gift
"Samsung Galaxy Ring, koko 13, Titanium Black",https://kauppa.dna.fi/tuote/p/samsung-galaxy-ring-koko-13-titanium-black,249.0,249.0,429.0,True,Samsung,No gift
"Samsung Galaxy Ring, koko 14, Titanium Black",https://kauppa.dna.fi/tuote/p/samsung-galaxy-ring-koko-14-titanium-black,249.0,249.0,429.0,True,Samsung,No gift
"Samsung Galaxy Ring, koko 15, Titanium Black",https://kauppa.dna.fi/tuote/p/samsung-galaxy-ring-koko-15-titanium-black,249.0,249.0,429.0,True,Samsung,No gift
"Samsung Galaxy Ring, koko 5, Titanium Black",https://kauppa.dna.fi/tuote/p/samsung-galaxy-ring-koko-5-titanium-black,249.0,249.0,429.0,True,Samsung,No gift
"Samsung Galaxy Ring, koko 6, Titanium Black",https://kauppa.dna.fi/tuote/p/samsung-galaxy-ring-koko-6-titanium-black,249.0,249.0,429.0,True,Samsung,No gift
TP-Link Tapo C410 -valvontakamera,https://kauppa.dna.fi/tuote/p/tp-link-tapo-c410-valvontakamera,49.0,49.0,59.0,True,TP-Link,No gift
TP-Link Tapo C501GW 4G-valvontakamera,https://kauppa.dna.fi/tuote/p/tp-link-tapo-c501gw-4g-valvontakamera,79.0,79.0,99.0,True,TP-Link,
"RingConn Gen 2 -älysormus, koko 10, Musta",https://kauppa.dna.fi/tuote/p/ringconn-gen-2-alysormus-koko-10-musta,239.0,239.0,339.0,False,RingConn,No gift
"Huawei Watch GT5 Pro 46 mm, Musta",https://kauppa.dna.fi/tuote/p/huawei-watch-gt5-pro-46-mm-musta,269.0,269.0,329.0,True,Huawei,No gift
"JLAB Go Air Pop langattomat nappikuulokkeet, Musta",https://kauppa.dna.fi/tuote/p/jlab-go-air-pop-langattomat-nappikuulokkeet-musta,19.0,19.0,29.0,False,JLAB,No gift
"Samsung Galaxy A16, Black",https://kauppa.dna.fi/tuote/p/samsung-galaxy-a16-black,119.0,119.0,119.0,True,Samsung,Kaupan päälle jopa 55 € arvoinen näytönsuoja!
MyFirst R1c lasten kellopuhelin,https://kauppa.dna.fi/tuote/p/myfirst-r1c-lasten-kellopuhelin,39.0,39.0,59.0,False,MyFirst,No gift
"Asus TUF Gaming VG34VQ3B 34"" -kaareva pelinäyttö",https://kauppa.dna.fi/tuote/p/asus-tuf-gaming-vg34vq3b-34-kaareva-pelinaytto,289.0,289.0,319.0,True,Asus,No gift
"JBL Tour One M2 langattomat vastamelukuulokkeet, Musta",https://kauppa.dna.fi/tuote/p/jbl-tour-one-m2-langattomat-vastamelukuulokkeet-musta,119.0,119.0,249.0,True,JBL,No gift
"JBL Live Buds 3 langattomat vastamelunappikuulokkeet, Sininen",https://kauppa.dna.fi/tuote/p/jbl-live-buds-3-langattomat-vastamelunappikuulokkeet-sininen,99.0,99.0,129.0,True,JBL,No gift
"JBL Live Beam 3 langattomat vastamelunappikuulokkeet, Hopea",https://kauppa.dna.fi/tuote/p/jbl-live-beam-3-langattomat-vastamelunappikuulokkeet-hopea,99.0,99.0,129.0,True,JBL,No gift
"JBL Live Flex 3 langattomat vastamelunappikuulokkeet, Hopea",https://kauppa.dna.fi/tuote/p/jbl-live-flex-3-langattomat-vastamelunappikuulokkeet-hopea,99.0,99.0,129.0,True,JBL,No gift
JBL Charge 5 WiFi langaton kaiutin,https://kauppa.dna.fi/tuote/p/jbl-charge-5-wifi-langaton-kaiutin,129.0,129.0,129.0,True,JBL,No gift
"Samsung Galaxy Fit3 -aktiivisuusranneke, Harmaa",https://kauppa.dna.fi/tuote/p/samsung-galaxy-fit3-aktiivisuusranneke-harmaa,29.0,29.0,65.0,False,Samsung,No gift
"Huawei Watch D2 -älykello, Kulta",https://kauppa.dna.fi/tuote/p/huawei-watch-d2-alykello-kulta,369.0,369.0,449.0,True,Huawei,No gift
Screenor Lumo -suojakuori Apple iPhone 16 Pro Max -puhelimelle,https://kauppa.dna.fi/tuote/p/screenor-lumo-suojakuori-apple-iphone-16-pro-max-puhelimelle,9.0,9.0,29.0,False,Screenor,No gift
Screenor Lumo -suojakuori Apple iPhone 16 Pro -puhelimelle,https://kauppa.dna.fi/tuote/p/screenor-lumo-suojakuori-apple-iphone-16-pro-puhelimelle,9.0,9.0,29.0,False,Screenor,No gift
Screenor Lumo -suojakuori Apple iPhone 16 -puhelimelle,https://kauppa.dna.fi/tuote/p/screenor-lumo-suojakuori-apple-iphone-16-puhelimelle,9.0,9.0,29.0,False,Screenor,No gift
"Apple Watch Series 10 (GPS 46 mm), M/L, Hopea alumiinikuori ja farkunsininen urheiluranneke",https://kauppa.dna.fi/tuote/p/apple-watch-series-10-gps-46-mm-m-l-hopea-alumiinikuori-ja-farkunsininen-urheiluranneke,299.0,299.0,299.0,False,Apple,No gift
"Garmin Fenix 8 AMOLED -älykello, 51 mm",https://kauppa.dna.fi/tuote/p/garmin-fenix-8-amoled-alykello-51-mm,799.0,799.0,979.0,True,Garmin,No gift
"Garmin Fenix 8 AMOLED -älykello, 47 mm",https://kauppa.dna.fi/tuote/p/garmin-fenix-8-amoled-alykello-47-mm,699.0,699.0,879.0,False,Garmin,No gift
"Garmin Fenix 8 AMOLED -älykello, 43 mm",https://kauppa.dna.fi/tuote/p/garmin-fenix-8-amoled-alykello-43-mm,699.0,699.0,879.0,True,Garmin,No gift
"Philips H3209 langattomat kuulokkeet, Musta",https://kauppa.dna.fi/tuote/p/philips-h3209-langattomat-kuulokkeet-musta,5.0,5.0,9.0,False,Philips,No gift
"Samsung Galaxy Watch Ultra, Titanium White",https://kauppa.dna.fi/tuote/p/samsung-galaxy-watch-ultra-white,549.0,549.0,699.0,True,Samsung,No gift
"Samsung Galaxy Buds3 langattomat kuulokkeet, Hopea",https://kauppa.dna.fi/tuote/p/samsung-galaxy-buds3-langattomat-vastamelukuulokkeet-hopea,79.0,79.0,179.0,False,Samsung,No gift
"Samsung Galaxy Watch7 4G, 40 mm, Green",https://kauppa.dna.fi/tuote/p/samsung-galaxy-watch7-4g-40-mm-green,199.0,199.0,249.0,False,Samsung,No gift
Lenovo Legion M410 langaton pelihiiri,https://kauppa.dna.fi/tuote/p/lenovo-legion-m410-langaton-pelihiiri,24.0,24.0,39.0,True,Lenovo,No gift
"Suunto Ocean -urheilukello, All Black",https://kauppa.dna.fi/tuote/p/suunto-ocean-urheilukello-all-black,799.0,799.0,799.0,True,Suunto,No gift
Grateq Olos GaN USB-C -laturi 65 W,https://kauppa.dna.fi/tuote/p/grateq-olos-gan-usb-c-laturi-65-w,15.0,15.0,15.0,True,Grateq,No gift
"Philips H4205 langattomat kuulokkeet, Musta",https://kauppa.dna.fi/tuote/p/philips-h4205-langattomat-kuulokkeet-musta,5.0,5.0,9.0,False,Philips,No gift
"JBL Clip 5 langaton kaiutin, Musta",https://kauppa.dna.fi/tuote/p/jbl-clip-5-langaton-kaiutin-musta,39.0,39.0,59.0,True,JBL,No gift
"Sony WH-ULT900NB -vastamelukuulokkeet, Musta",https://kauppa.dna.fi/tuote/p/sony-wh-ult900nb-vastamelukuulokkeet-musta,119.0,119.0,149.0,True,Sony,No gift
"Sudio A1 langattomat nappikuulokkeet, Musta",https://kauppa.dna.fi/tuote/p/sudio-a1-langattomat-nappikuulokkeet-musta,10.0,10.0,19.0,False,Sudio,No gift
"Garmin Forerunner 165 -älykello, Musta",https://kauppa.dna.fi/tuote/p/garmin-forerunner-165-alykello-musta,179.0,179.0,239.0,True,Garmin,No gift
TP-Link Tapo T315 -lämpötila- ja kosteusmittari,https://kauppa.dna.fi/tuote/p/tp-link-tapo-t315-lampotila-ja-kosketusmittari,23.0,23.0,34.0,False,TP-Link,No gift
TP-Link Tapo T110 -sensori oveen ja ikkunaan,https://kauppa.dna.fi/tuote/p/tp-link-tapo-t110-sensori-oveen-ja-ikkunaan,12.0,12.0,19.0,False,TP-Link,No gift
"Suunto Race Titanium -urheilukello, Charcoal",https://kauppa.dna.fi/tuote/p/suunto-race-titanium-urheilukello-charcoal,399.0,399.0,399.0,True,Suunto,No gift
"JBL Live 770NC -vastamelukuulokkeet, Beige",https://kauppa.dna.fi/tuote/p/jbl-live-770nc-vastamelukuulokkeet-beige,79.0,79.0,179.0,True,JBL,No gift
"Sudio A1 Pro -vastamelunappikuulokkeet, Musta",https://kauppa.dna.fi/tuote/p/sudio-a1-pro-vastamelunappikuulokkeet-musta,19.0,19.0,29.0,False,Sudio,No gift
"JBL Soundgear Sense langattomat kuulokkeet, Valkoinen",https://kauppa.dna.fi/tuote/p/jbl-soundgear-sense-langattomat-kuulokkeet-valkoinen,39.0,39.0,99.0,True,JBL,No gift
"Sony WF-1000XM5 -vastamelunappikuulokkeet, Harmaa",https://kauppa.dna.fi/tuote/p/sony-wf-1000xm5-vastamelunappikuulokkeet-harmaa,199.0,199.0,269.0,True,Sony,No gift
"Garmin Fenix 7X Pro Solar -älykello, 51 mm",https://kauppa.dna.fi/tuote/p/garmin-fenix-7x-pro-solar-alykello-51-mm,449.0,449.0,649.0,True,Garmin,No gift
"Suunto Vertical -urheilukello, All Black",https://kauppa.dna.fi/tuote/p/suunto-vertical-urheilukello-all-black,349.0,349.0,399.0,True,Suunto,No gift
"TP-Link Tapo P110 -älypistorasia, 4 kpl",https://kauppa.dna.fi/tuote/p/tp-link-tapo-p110-alypistorasia-4-kpl,32.0,32.0,42.0,True,TP-Link,No gift
TP-Link Tapo P300 -älyjatkojohto,https://kauppa.dna.fi/tuote/p/tp-link-tapo-p300-alyjatkojohto,32.0,32.0,44.0,True,TP-Link,No gift
Marshall Major IV langattomat kuulokkeet,https://kauppa.dna.fi/tuote/p/marshall-major-iv-langattomat-kuulokkeet,89.0,89.0,139.0,False,Marshall,No gift
"JBL Live Flex langattomat vastamelunappikuulokkeet, Musta",https://kauppa.dna.fi/tuote/p/jbl-live-flex-langattomat-vastamelunappikuulokkeet-musta,39.0,39.0,79.0,False,JBL,No gift
"JBL Wave Flex langattomat kuulokkeet, Beige",https://kauppa.dna.fi/tuote/p/jbl-wave-flex-langattomat-kuulokkeet-beige,9.0,9.0,19.0,False,JBL,No gift
EZVIZ BC1-B2 -valvontakamerapaketti,https://kauppa.dna.fi/tuote/p/ezviz-bc1-b2-valvontakamerapaketti,99.0,99.0,229.0,True,EZVIZ,No gift
"JBL Live Pro 2 langattomat vastamelunappikuulokkeet, Musta",https://kauppa.dna.fi/tuote/p/jbl-live-pro-2-langattomat-vastamelunappikuulokkeet-musta,39.0,39.0,79.0,False,JBL,No gift
"JBL Tune Flex langattomat vastamelunappikuulokkeet, Valkoinen",https://kauppa.dna.fi/tuote/p/jbl-tune-flex-langattomat-vastamelunappikuulokkeet-valkoinen,29.0,29.0,49.0,True,JBL,No gift
